vector,method_a,method_b,n_traits,n_conv_3ineq,n_conv_floor,n_traits_convergent,monotrait_mean,monotrait_min,hetero_hh_max_mean,hetero_mm_max_mean
HEXACO-6,anthropic,openai,6,6,6,6,0.798910914476641,0.7315556644871419,0.34498904699898797,0.3955830251934436
HEXACO-6,anthropic,google,6,6,6,6,0.7826953619259003,0.7365620079979827,0.2892809473186314,0.37948999893700147
HEXACO-6,openai,google,6,6,6,6,0.7109284325141038,0.5562816960202138,0.3312945439463691,0.40532615649922255
