vector,method_a,method_b,n_traits,n_conv_3ineq,n_conv_floor,n_traits_convergent,monotrait_mean,monotrait_min,hetero_hh_max_mean,hetero_mm_max_mean
OCEAN-6,anthropic,openai,6,5,5,5,0.8185342935870347,0.7348143770783635,0.3500929593719832,0.3990166403191207
OCEAN-6,anthropic,google,6,6,6,6,0.726089942428367,0.49954777483545443,0.26353414608669284,0.3550970446914649
OCEAN-6,openai,google,6,4,4,4,0.7313792023705008,0.6034740475550082,0.2608075160021415,0.4183152622677857
