{
  "full_corpus": {
    "n_chars": 562
  },
  "agt_only": {
    "n_chars": 185
  },
  "diff": {},
  "per_method": {
    "M2_classifier": {
      "full": {
        "MAE": 0.3666553173979737,
        "r": 0.11769963390049898,
        "CCC": 0.00987027933301859,
        "n_obs": 2810
      },
      "agt_only": {
        "MAE": 0.4033378560430298,
        "r": 0.12493460901506845,
        "CCC": 0.010958032700432323,
        "n_obs": 925
      },
      "delta_MAE_abs": 0.036682538645056106
    },
    "M3_regressor": {
      "full": {
        "MAE": 0.2623851881383164,
        "r": 0.6490029111588792,
        "CCC": 0.6463646764345115,
        "n_obs": 2810
      },
      "agt_only": {
        "MAE": 0.25368115185172335,
        "r": 0.7320760178919199,
        "CCC": 0.7290916824924607,
        "n_obs": 925
      },
      "delta_MAE_abs": 0.008704036286593053
    },
    "M4_consensus": {
      "full": {
        "MAE": 0.23037373472455797,
        "r": 0.7700138847683742,
        "CCC": 0.7640909617425483,
        "n_obs": 2810
      },
      "agt_only": {
        "MAE": 0.22942456349270202,
        "r": 0.7981787399733414,
        "CCC": 0.7897777597789597,
        "n_obs": 925
      },
      "delta_MAE_abs": 0.0009491712318559498
    },
    "M5_probe": {
      "full": {
        "MAE": 0.2696114053878817,
        "r": 0.633026318573813,
        "CCC": 0.6300055265628565,
        "n_obs": 2580
      },
      "agt_only": {
        "MAE": 0.29585347116853844,
        "r": 0.5876013102296246,
        "CCC": 0.5825697028470964,
        "n_obs": 860
      },
      "delta_MAE_abs": 0.026242065780656743
    },
    "M6_scpi": {
      "full": {
        "MAE": 0.328155923615293,
        "r": 0.30760425719439893,
        "CCC": 0.2678500563085309,
        "n_obs": 2810
      },
      "agt_only": {
        "MAE": 0.3784697466501276,
        "r": 0.17583590829209636,
        "CCC": 0.13088206328898455,
        "n_obs": 925
      },
      "delta_MAE_abs": 0.050313823034834615
    }
  },
  "summary": {
    "max_abs_delta_MAE": 0.050313823034834615,
    "methods_within_pm_0_03": 3,
    "methods_total": 5
  }
}