{
  "n_splits": 500,
  "train_frac": 0.5,
  "seed": 20260428,
  "results": {
    "M3_O": {
      "n_splits_used": 500,
      "alpha_mean": 0.10512658777642833,
      "beta_mean": 0.46106580456983937,
      "cal_MAE": 0.22204365738062615,
      "cal_MAE_lo": 0.17427003916443395,
      "cal_MAE_hi": 0.2727821385003817,
      "uncal_MAE": 0.28145988,
      "uncal_MAE_lo": 0.23610725000000005,
      "uncal_MAE_hi": 0.32900033333333334,
      "cal_r": 0.5061363739281413,
      "cal_r_lo": 0.3044384944950809,
      "cal_r_hi": 0.6566478318425417,
      "uncal_r": 0.5061363739281413,
      "uncal_r_lo": 0.304438494495081,
      "uncal_r_hi": 0.6566478318425415,
      "MAE_improvement": 0.05941622261937385
    },
    "M3_C": {
      "n_splits_used": 500,
      "alpha_mean": 0.06264940912356291,
      "beta_mean": 0.6748207072802185,
      "cal_MAE": 0.20712807593726248,
      "cal_MAE_lo": 0.16840408340000584,
      "cal_MAE_hi": 0.24961606913290912,
      "uncal_MAE": 0.21656446000000001,
      "uncal_MAE_lo": 0.16947933333333337,
      "uncal_MAE_hi": 0.26336683333333333,
      "cal_r": 0.7110535400677556,
      "cal_r_lo": 0.5563423273367673,
      "cal_r_hi": 0.8388914492470917,
      "uncal_r": 0.7110535400677557,
      "uncal_r_lo": 0.5563423273367673,
      "uncal_r_hi": 0.8388914492470916,
      "MAE_improvement": 0.00943638406273753
    },
    "M3_E": {
      "n_splits_used": 500,
      "alpha_mean": 0.044010880418711554,
      "beta_mean": 0.437023990317839,
      "cal_MAE": 0.24631921683311822,
      "cal_MAE_lo": 0.1974752116480201,
      "cal_MAE_hi": 0.30295063932494926,
      "uncal_MAE": 0.2994080266666666,
      "uncal_MAE_lo": 0.23995641666666662,
      "uncal_MAE_hi": 0.3604933333333333,
      "cal_r": 0.5223349955788662,
      "cal_r_lo": 0.32898105219598983,
      "cal_r_hi": 0.6981346951777591,
      "uncal_r": 0.5223349955788662,
      "uncal_r_lo": 0.32898105219598983,
      "uncal_r_hi": 0.6981346951777592,
      "MAE_improvement": 0.053088809833548384
    },
    "M3_A": {
      "n_splits_used": 500,
      "alpha_mean": 0.11873101357906163,
      "beta_mean": 0.15299336416243403,
      "cal_MAE": 0.2568552349315305,
      "cal_MAE_lo": 0.19640392894478645,
      "cal_MAE_hi": 0.31912135589235685,
      "uncal_MAE": 0.37321304,
      "uncal_MAE_lo": 0.29794175000000006,
      "uncal_MAE_hi": 0.45292258333333335,
      "cal_r": 0.08908146497231076,
      "cal_r_lo": -0.47676090942673044,
      "cal_r_hi": 0.39293461970680393,
      "uncal_r": 0.19396186571149848,
      "uncal_r_lo": -0.12092409630371581,
      "uncal_r_hi": 0.4784171468437959,
      "MAE_improvement": 0.11635780506846949
    },
    "M3_N": {
      "n_splits_used": 500,
      "alpha_mean": 0.2868585326835737,
      "beta_mean": 0.3093238312024592,
      "cal_MAE": 0.18531977433811245,
      "cal_MAE_lo": 0.1449437823202321,
      "cal_MAE_hi": 0.22693875485418677,
      "uncal_MAE": 0.26234816,
      "uncal_MAE_lo": 0.20630949999999998,
      "uncal_MAE_hi": 0.3131755833333333,
      "cal_r": 0.3689468209628477,
      "cal_r_lo": 0.16934121627511467,
      "cal_r_hi": 0.5648536588302346,
      "uncal_r": 0.3689468209628478,
      "uncal_r_lo": 0.16934121627511461,
      "uncal_r_hi": 0.5648536588302346,
      "MAE_improvement": 0.07702838566188755
    },
    "M4_O": {
      "n_splits_used": 500,
      "alpha_mean": 0.10322873114812017,
      "beta_mean": 0.4681056750415705,
      "cal_MAE": 0.20082541438143423,
      "cal_MAE_lo": 0.15516844612897493,
      "cal_MAE_hi": 0.24492888870106388,
      "uncal_MAE": 0.2723268,
      "uncal_MAE_lo": 0.22178250000000002,
      "uncal_MAE_hi": 0.32809416666666674,
      "cal_r": 0.6118171101373211,
      "cal_r_lo": 0.4470790952800855,
      "cal_r_hi": 0.7462981972730144,
      "uncal_r": 0.6118171101373211,
      "uncal_r_lo": 0.44707909528008544,
      "uncal_r_hi": 0.7462981972730144,
      "MAE_improvement": 0.07150138561856575
    },
    "M4_C": {
      "n_splits_used": 500,
      "alpha_mean": 0.09897902880836597,
      "beta_mean": 0.5125948799809371,
      "cal_MAE": 0.22889147705577698,
      "cal_MAE_lo": 0.1904268245105948,
      "cal_MAE_hi": 0.26850750884813596,
      "uncal_MAE": 0.27094739999999995,
      "uncal_MAE_lo": 0.21392999999999998,
      "uncal_MAE_hi": 0.3260483333333333,
      "cal_r": 0.6506171991167989,
      "cal_r_lo": 0.4689320901829754,
      "cal_r_hi": 0.7970372040322915,
      "uncal_r": 0.6506171991167989,
      "uncal_r_lo": 0.4689320901829753,
      "uncal_r_hi": 0.7970372040322916,
      "MAE_improvement": 0.04205592294422297
    },
    "M4_E": {
      "n_splits_used": 500,
      "alpha_mean": 0.09364336381781721,
      "beta_mean": 0.40431567836448257,
      "cal_MAE": 0.23989208765945194,
      "cal_MAE_lo": 0.19579733592727988,
      "cal_MAE_hi": 0.2869291197792659,
      "uncal_MAE": 0.3214712666666667,
      "uncal_MAE_lo": 0.24907666666666667,
      "uncal_MAE_hi": 0.3873141666666666,
      "cal_r": 0.5500147795278321,
      "cal_r_lo": 0.3832726242820441,
      "cal_r_hi": 0.7152466032128468,
      "uncal_r": 0.5500147795278322,
      "uncal_r_lo": 0.3832726242820441,
      "uncal_r_hi": 0.7152466032128469,
      "MAE_improvement": 0.08157917900721476
    },
    "M4_A": {
      "n_splits_used": 500,
      "alpha_mean": 0.1269263726356393,
      "beta_mean": 0.17243738021182256,
      "cal_MAE": 0.24945962534737276,
      "cal_MAE_lo": 0.18636676575992767,
      "cal_MAE_hi": 0.3046435431606188,
      "uncal_MAE": 0.4038136666666666,
      "uncal_MAE_lo": 0.3062825,
      "uncal_MAE_hi": 0.49646749999999995,
      "cal_r": 0.22574251410227367,
      "cal_r_lo": -0.625330409978979,
      "cal_r_hi": 0.575631154457775,
      "uncal_r": 0.3004244008041943,
      "uncal_r_lo": -0.0036421491512117184,
      "uncal_r_hi": 0.6363227522011627,
      "MAE_improvement": 0.15435404131929387
    },
    "M4_N": {
      "n_splits_used": 500,
      "alpha_mean": 0.24746880307270055,
      "beta_mean": 0.35102017993407414,
      "cal_MAE": 0.1807135554787935,
      "cal_MAE_lo": 0.14465054987984752,
      "cal_MAE_hi": 0.21798460810836717,
      "uncal_MAE": 0.2620344,
      "uncal_MAE_lo": 0.21619166666666667,
      "uncal_MAE_hi": 0.3116275,
      "cal_r": 0.5005105283794422,
      "cal_r_lo": 0.32726248612284053,
      "cal_r_hi": 0.6508135429821829,
      "uncal_r": 0.5005105283794422,
      "uncal_r_lo": 0.3272624861228406,
      "uncal_r_hi": 0.6508135429821829,
      "MAE_improvement": 0.0813208445212065
    },
    "M5_O": {
      "n_splits_used": 500,
      "alpha_mean": 0.054102929871954815,
      "beta_mean": 0.4819871896002519,
      "cal_MAE": 0.22769264193834088,
      "cal_MAE_lo": 0.17331637437006858,
      "cal_MAE_hi": 0.27896760387827507,
      "uncal_MAE": 0.29712358620689655,
      "uncal_MAE_lo": 0.2514094827586207,
      "uncal_MAE_hi": 0.3470887931034483,
      "cal_r": 0.47736545432465183,
      "cal_r_lo": 0.29682228500505803,
      "cal_r_hi": 0.63465202014873,
      "uncal_r": 0.4773654543246518,
      "uncal_r_lo": 0.29682228500505803,
      "uncal_r_hi": 0.63465202014873,
      "MAE_improvement": 0.06943094426855567
    },
    "M5_C": {
      "n_splits_used": 500,
      "alpha_mean": 0.14641062750741451,
      "beta_mean": 0.41460130769169184,
      "cal_MAE": 0.27940824821707533,
      "cal_MAE_lo": 0.2274564092477935,
      "cal_MAE_hi": 0.3332766973637675,
      "uncal_MAE": 0.3188813103448276,
      "uncal_MAE_lo": 0.26185344827586204,
      "uncal_MAE_hi": 0.37786982758620685,
      "cal_r": 0.4187791395980389,
      "cal_r_lo": 0.1935972515260116,
      "cal_r_hi": 0.6015857864415851,
      "uncal_r": 0.4214815487906974,
      "uncal_r_lo": 0.20368556392323262,
      "uncal_r_hi": 0.6071936843787211,
      "MAE_improvement": 0.039473062127752256
    },
    "M5_E": {
      "n_splits_used": 500,
      "alpha_mean": 0.12144527834909966,
      "beta_mean": 0.2326093229654881,
      "cal_MAE": 0.28491855637351166,
      "cal_MAE_lo": 0.2331874911239481,