{
  "n": 60,
  "results": {
    "claude": {
      "r": 0.2654311042647473,
      "ci_lo": -0.09059912492996393,
      "ci_hi": 0.5801379244378368
    },
    "openai": {
      "r": 0.21302645268872472,
      "ci_lo": -0.0941045454377001,
      "ci_hi": 0.4806223420579097
    },
    "google": {
      "r": 0.23634753833346017,
      "ci_lo": -0.07437728843554649,
      "ci_hi": 0.5316170444268896
    }
  },
  "seed": 20260429,
  "n_resamples": 10000
}