{
  "computed_at": "2026-04-29",
  "n_records_with_lobo": 562,
  "n_records_with_gt": 562,
  "M3_in_distribution": {
    "per_trait": {
      "O": {
        "n": 562,
        "MAE": 0.23401782002069046,
        "r": 0.6574016731951061,
        "CCC": 0.6381918146372075
      },
      "C": {
        "n": 562,
        "MAE": 0.29615715198540166,
        "r": 0.6066902109236205,
        "CCC": 0.5791975204850494
      },
      "E": {
        "n": 562,
        "MAE": 0.2597810708542035,
        "r": 0.5801222286124895,
        "CCC": 0.5723598806178214
      },
      "A": {
        "n": 562,
        "MAE": 0.25662002175372917,
        "r": 0.7559108371635515,
        "CCC": 0.7502018407751222
      },
      "N": {
        "n": 562,
        "MAE": 0.2653498760775572,
        "r": 0.625586972123201,
        "CCC": 0.5960636691395201
      }
    },
    "n_records": 562,
    "n_cells": 2810,
    "mean_MAE": 0.2623851881383164,
    "mean_r": 0.6451423844035938,
    "mean_CCC": 0.6272029451309441,
    "MAE_ci_lo": 0.2547475484188072,
    "MAE_ci_hi": 0.2699959461467295
  },
  "M3_lobo": {
    "per_trait": {
      "O": {
        "n": 562,
        "MAE": 0.317496625474051,
        "r": 0.3115155936039053,
        "CCC": 0.10343734767881178
      },
      "C": {
        "n": 562,
        "MAE": 0.3302299705464247,
        "r": 0.3578505706957363,
        "CCC": 0.15132615418200646
      },
      "E": {
        "n": 562,
        "MAE": 0.2699689873002092,
        "r": 0.37614330541588914,
        "CCC": 0.17657439368449546
      },
      "A": {
        "n": 562,
        "MAE": 0.36220331903016884,
        "r": 0.40844070459328674,
        "CCC": 0.1988211782903536
      },
      "N": {
        "n": 562,
        "MAE": 0.2787364428866588,
        "r": 0.3254708182950071,
        "CCC": 0.1269971330472217
      }
    },
    "n_records": 562,
    "n_cells": 2810,
    "mean_MAE": 0.31172706904750247,
    "mean_r": 0.3558841985207649,
    "mean_CCC": 0.1514312413765778,
    "MAE_ci_lo": 0.30400231632051977,
    "MAE_ci_hi": 0.31936554432872005
  },
  "pairwise_agreement": {
    "M3-id  <-> M5": {
      "per_trait": {
        "O": {
          "n": 516,
          "r": 0.6775397149727787
        },
        "C": {
          "n": 516,
          "r": 0.612252928040842
        },
        "E": {
          "n": 516,
          "r": 0.6363753150847264
        },
        "A": {
          "n": 516,
          "r": 0.736067288545449
        },
        "N": {
          "n": 516,
          "r": 0.589415820091366
        }
      },
      "mean_r": 0.6503302133470324
    },
    "M3-LOBO <-> M5": {
      "per_trait": {
        "O": {
          "n": 516,
          "r": 0.36057212325848265
        },
        "C": {
          "n": 516,
          "r": 0.48274472720104233
        },
        "E": {
          "n": 516,
          "r": 0.28077895279654536
        },
        "A": {
          "n": 516,
          "r": 0.4856998415036957
        },
        "N": {
          "n": 516,
          "r": 0.34414757415185854
        }
      },
      "mean_r": 0.3907886437823249
    },
    "M3-id  <-> M4": {
      "per_trait": {
        "O": {
          "n": 562,
          "r": 0.8475334470871195
        },
        "C": {
          "n": 562,
          "r": 0.8069184661925243
        },
        "E": {
          "n": 562,
          "r": 0.8272251653334676
        },
        "A": {
          "n": 562,
          "r": 0.86535025730735
        },
        "N": {
          "n": 562,
          "r": 0.8111272612202385
        }
      },
      "mean_r": 0.83163091942814
    },
    "M3-LOBO <-> M4": {
      "per_trait": {
        "O": {
          "n": 562,
          "r": 0.30846964982339753
        },
        "C": {
          "n": 562,
          "r": 0.3416303865178117
        },
        "E": {
          "n": 562,
          "r": 0.20377912131325518
        },
        "A": {
          "n": 562,
          "r": 0.44256242589714884
        },
        "N": {
          "n": 562,
          "r": 0.3348780883664199
        }
      },
      "mean_r": 0.3262639343836066
    }
  }
}